0.1366189917005059,0.3108803506680856,0.2108921744166571,0.09008819353727041,0.2576708381233981,0.1985471535753079,0.1883889285396526,0.1473532329591654,0.2566575301179566,0.295860658890255,0.1710596538044241,0.03364072345833171,0.1507775082964068,0.4272380623300923,0.2934026458497034,0.3545566603669342,0.5994069278606623,0.4862698614372442,0.4980744756313061,0.4455422734875462,0.30064555134668,0.3159572034965547,0.460162331979819,0.4396775546699487,0.511751834975458,0.348110982279471,0.240124052143652,0.2598889251392028,0.2897366643553812,0.1903169955966933,0.09013189141159036,0.05433833975558808,0.1813905779686349,0.2745860857983817,0.3148549911830811,0.2496289700984915,0.1022711037896356,0.2532356590698235,0.2908483140771647,0.2808423184923405,0.1749992802241215,0.1229334325259485,0.1132766544673112,0.1535513396212507,0.1728220985473361,0.109257413141287,0.1265523160523519,-0.002343298067946323,0.04749802926037852,0.05582770677630859,0.1444594031583257,0.1681630147649277,0.2525000639878983,0.2407168635764697,0.1719646235875244,0.1671758199642936,0.07065957691014779,0.1218637007937768,0.08279766115611491,0.07275317915227281,0.1082273038061467,0.09632943357429402,0.2045780959816683,0.1450430032450596
0.1104265573987237,0.1937969524079054,0.1760235726344875,0.05753219549993246,0.1171891801977987,0.1741044815285192,0.1734642060012523,0.2446006296991644,0.2468687396309156,0.2083054944392162,0.1680431974650801,0.06898672131999506,0.2183793499515563,0.4862275693900704,0.1691442756546896,0.2488383582131039,0.422666141675122,0.5648988496193644,0.620476266757464,0.4944208895340397,0.4006263252529226,0.4680927626317266,0.5660145323688645,0.4882456007492162,0.2330388252507869,0.2390977960602362,0.2048915243750919,0.2368862381956489,0.2729109668903321,0.08625576449861891,0.1105254565361894,0.09896050098908801,0.1797640950252242,0.2647255620157987,0.1865757464755667,0.09575325000128956,0.05036195424160919,0.1096093123412294,0.1301583394129546,0.1910193486249681,0.1457889761041085,0.1018072896257223,0.078357677386997,0.108405329550692,0.1868971911505836,0.09873103552673478,0.05155805861954407,0.06779098557267189,0.06746815349245008,0.08745906065523174,0.04378340333592787,0.1777822834080978,0.204638698170113,0.2097607884045567,0.2113286088664554,0.1687224038620972,0.06017549648390325,0.06700584426012839,0.116166447612128,0.09005926287193763,0.1721482521694314,0.1058918566958244,0.1647710812635728,0.1813437711501166
0.1663211071826053,0.06582124657132769,0.2853388257892241,0.1242999056802601,0.04115745779668625,0.168151146234984,0.223484097602943,0.2876460690881424,0.2226437734660107,0.2391395465121201,0.2123390965909425,0.1216838938341621,0.2750512829288694,0.4522131036628813,0.2154537176676941,0.2670631417030673,0.3959245552670441,0.5196952181400503,0.5967761820027142,0.5225338803404315,0.4330856616942448,0.3339096742878668,0.4343901429672647,0.5157822170520465,0.329470731655383,0.1374440107116281,0.1604022923485373,0.2904727861163025,0.3072274962806545,0.1374237998837977,0.1194292740071009,0.1286995984702408,0.05953204944244675,0.1448367858736613,0.2738266883996152,0.4274154687787737,0.1600881211049683,0.2362865113344742,0.09839936962318055,0.0937197240425636,0.1045872063511148,0.09325165838587179,0.1876426002168105,0.1205628164080131,0.1277536056554223,0.1258494827462586,0.1035571119613051,-0.01078985833836571,0.01035313898761239,0.02652630143675834,-0.02125701410694859,0.09900887884630932,0.2308681859949419,0.2111659092926225,0.2131881239256458,0.1591843620881116,0.04874785450399954,0.1041841483405046,0.09491905177868626,0.05558775372141956,0.08654537179947872,0.1786304809031592,0.2017665750644512,0.1943531872154429
0.1920578653413595,0.01541457165979192,0.2284409449639389,0.2244865345845972,0.1296282592261983,0.1576797060573403,0.1758683001902666,0.1985041738122594,0.2389777084223204,0.2696711415030976,0.1698968760262659,0.02804023265144836,0.3277177346112705,0.4857653732101918,0.3884355981729227,0.3588530988357523,0.4410468404311986,0.5393506679912895,0.5767367616429832,0.4599096645497304,0.2631354016851101,0.3994522350638809,0.3247024204969758,0.3746255596990404,0.5654294911569173,0.3484227672457106,0.2740762706724882,0.4038804345201052,0.3392076511294104,0.119952440176748,0.03284528990393888,0.1000760072974495,0.1845380523488965,-0.04323809644086513,0.4481249412075387,0.7599076066853014,0.2107216292352767,0.2357726845083997,0.2096752043097113,0.1674402454426696,0.1055131774184584,0.179353154930125,0.5137284767849966,0.3047994120018778,0.07683470682418901,0.07896080811634806,0.05803166272015826,0.03860969064177232,0.1328740149550776,0.06754293441158053,0.01646501963858622,0.07090855038702003,0.2486785317201105,0.3056285192740354,0.2617153759404243,0.2296268453996235,0.03851075438380339,0.08343759547130331,0.08239716420317901,0.123300237951046,0.09555995882939326,0.1551766070530397,0.1585616448542685,0.212092215341021
0.2381254448708098,0.199079060663139,0.1096766892591665,0.2691574183559927,0.2372729784161456,0.1362352246236616,0.239771136959786,0.2561686350934556,0.2525053773526116,0.2622952946202706,0.2317716833690416,0.07676571244841199,0.246546809677565,0.517622795594686,0.4116572442700845,0.4748091382801927,0.4733475652104327,0.4966360672266336,0.458444173410365,0.2409497770193667,0.3129945187106982,0.4333041080723375,0.490417170234137,0.492614654394022,0.4691550591287972,0.4395922762553143,0.4032567721493603,0.5290509009899763,0.3761247232009785,0.1394177481253436,0.1144072162468418,0.1572074927850588,0.1112315865908764,-0.006720421457814658,0.4480455271011184,0.7521814666065766,0.269067120148649,0.2761855378819633,0.2582803894483591,0.1811253714669301,0.1747761526347178,0.1968278291623574,0.6314352136293383,0.3008857788438013,0.1003348861287979,0.1058512116552135,0.05346955836255507,0.04724415314373047,0.1031878372426731,0.1370713060517511,0.01163042386657665,0.03804752435195682,0.3293334900924419,0.4692508872931758,0.3893511048341347,0.1825043823936418,0.04667774018500823,0.06380942221091659,0.07857225851786226,0.1217875861415147,0.154925831176533,0.1914956561992131,0.2917418977732832,0.2280382627433172
0.2839703396221058,0.3561235372155187,0.06612600535248249,0.2493609229534587,0.3917077548191298,0.1856070447695462,0.2342390732389105,0.3077410550828836,0.2878408482019206,0.3081276588306555,0.1932492288598702,0.1213929764776492,0.2887317817386833,0.5680878967080847,0.5019725500922757,0.4606099056590928,0.3881855378734597,0.4694277931120138,0.3790043417518418,0.2516643036202758,0.3338837533019308,0.4907448884024598,0.4721730918271462,0.4185937009327966,0.377573824638216,0.3848812126970048,0.4941743975339077,0.4268505400378718,0.3860560871315237,0.1200300558972677,0.1541836326625456,0.120077555332293,0.1445834767504022,0.06610773274206501,0.4910637700329901,0.7546080986992726,0.2857859365340957,0.2793395373438157,0.3251574930183971,0.2124206471188465,0.1890802871102406,0.1526547727750372,0.6150830942399457,0.4424787296232898,0.04544675565791813,0.07731074894272628,0.1224549762138086,0.04043626395169412,0.1290590339510632,0.06407180322296414,0.02540319762244038,0.04853050717063717,0.2853763686989033,0.4171170252709561,0.3517845766103104,0.1385492680807279,0.05378749950206665,0.07356148170763101,0.1044825113273408,0.1256884240998285,0.08606318736235129,0.1757088978882807,0.1907854052088839,0.2856602935088696
0.3023258707483629,0.2881434701715587,0.1490386541023514,0.2012410811562982,0.332983196959469,0.2610444183621954,0.1783140509624495,0.298536892807457,0.2459375352144678,0.2366537101575703,0.2187270298723409,0.05946692213576728,0.3598531802869272,0.5790997180563546,0.5950742663859769,0.4217713394512616,0.4163221492333241,0.5264402195287078,0.560337617070862,0.4559000439728664,0.3506178970491709,0.3697495591200348,0.3049843515274266,0.3719813856030132,0.40418732085435,0.3911977612866334,0.2740949472045925,0.3704046147451211,0.3459689585469814,0.1622756606502935,0.1270919220277933,0.2023912184323401,0.08917441388446004,0.05920198984574927,0.507441126516499,0.8019132651067539,0.2648074034284588,0.2429722878868844,0.2322475587890134,0.2393476881094242,0.1164470023705935,0.2453709805703025,0.7412746948358396,0.4460050753320227,0.06893829681833835,0.1280295685462174,0.06674646875343709,0.08343176414541537,0.07302242674830611,0.08626261446054269,0.02570350438928645,0.07811216696119327,0.3115805127057012,0.3947123971973144,0.3203697884011513,0.1427976860071861,0.1018206767685579,0.05177393118390455,0.07304489218995155,0.1914293181397741,0.1854069419370041,0.1992970267587825,0.3092163195055037,0.2146859973613012
0.141709793667847,0.1501689223576033,0.260809646275838,0.1652664424408921,0.1194416446113225,0.2355338688787506,0.235558364503027,0.2886320414492507,0.2228626409496794,0.2661113262118092,0.199635846157359,0.08134956260295975,0.3942206032393305,0.590194161401609,0.5919589207545733,0.5074094917898022,0.4681289461875728,0.5309483151304869,0.5734485664978246,0.5959829658343526,0.4770555231323552,0.327346646901308,0.3754000967560732,0.4367703646432727,0.4217424562903901,0.279572078511394,0.2531659902262873,0.3783188626356236,0.3429254095294926,0.117185412188082,0.09514859122724098,0.1364120993998048,0.1911061864350946,0.1233366002239125,0.4961388154391201,0.9012995278478564,0.2796827067303794,0.1427707063102176,0.2386506838695961,0.1763930717695605,0.1185308221711618,0.3937651029373644,0.8882195962334855,0.5381880052525849,0.04042525750542032,0.1314667858402985,0.1265169858446352,0.08959695875089838,0.07057207051323902,0.09484055265787937,0.04014640727895533,0.156449192222242,0.2752584111763731,0.3866794456581326,0.3254608954298737,0.2769382550071582,0.08580033025788167,0.1006675078703616,0.1149761310523999,0.07854994287679705,0.1592240783613032,0.2126429785033463,0.2669789157072408,0.3070026626267874
0.0420973670498189,0.0972001709773376,0.2949786189225682,0.1822551353430615,0.1064507577619187,0.289663851369803,0.2465071747898799,0.3152440527011012,0.2921155802200872,0.270363520171587,0.2087599242356067,0.08232836234893783,0.396133296617828,0.5376810099725247,0.6276038335017879,0.5603858846796942,0.4761514726533315,0.5357905592460455,0.6272468756304552,0.4676414862834681,0.3652767759587265,0.3464076487196487,0.3888485122910554,0.4202139521167578,0.3504044836756579,0.3538302468717037,0.3863375766366178,0.4693058129282471,0.4310401907506858,0.1678836080485729,0.1437492149444881,0.1688282235146879,0.172595234467706,0.08623952580261436,0.5066621709745763,0.9647491886598617,0.4770211746205455,0.09261812231966395,0.1095241688406165,0.145997230503184,0.2097913169141748,0.7173472462184521,0.7421572908406211,0.5458263264008548,0.09487958834345826,0.09934979821895185,0.09339734340683666,0.1053784960080814,0.1013211044245489,0.1173207906519435,0.06381689332177512,0.08436021667291449,0.3322608462052358,0.4540574936489873,0.29724633681349,0.211858071216402,0.05298911145741694,0.09451201967168386,0.1249105629352993,0.0982349741366923,0.1344100093674168,0.2212823561344357,0.2928069208443196,0.3632857775514197
0.2475563322154106,0.1195631950383451,0.2352535606324848,0.2623498503339557,0.2253604672494445,0.2401745279291779,0.2593702505797236,0.2512986041356731,0.3261874411232327,0.2551803783053107,0.2389034258475899,0.1730176863651159,0.5200460563157789,0.5883301618142978,0.525898246181431,0.5559211657557356,0.5839973032365767,0.5733302300052806,0.4836164958182461,0.3225095736459962,0.2980242089222626,0.4172917811649463,0.417137409042353,0.2746971224125525,0.3690841579243382,0.4420620913121284,0.4000260359314771,0.6254794321453347,0.3855270094898767,0.08554180386193144,0.1679937041506733,0.1760910468962187,0.2006437619141951,0.1153579211718961,0.5279926677954854,0.9463026740417141,0.7034062380787716,0.1775375713016123,0.07403555244592246,0.07394320987491698,0.5587580082309044,0.8006287826158541,0.7611206684552132,0.578199560717841,0.08783421574146857,0.08393236828362872,0.1404959569222904,0.0984418193024761,0.1468778523376466,0.1185234169011307,0.06028781039407934,0.09403677318793824,0.3075172279272896,0.4964504603023943,0.3636351006919359,0.2388688796918125,0.07054051372469598,0.1012660637852536,0.1624774231793388,0.1472016853467961,0.09573216443509266,0.2310428928635004,0.2663786461526382,0.2965435139737303
0.323732933535044,0.2386255761571416,0.01475915509565055,0.3440222830797431,0.234337512602212,0.1744896719405406,0.2805132094380195,0.306255249744858,0.3345842894076224,0.2237643171458909,0.1384976014409568,0.2391296689933332,0.47188029740681,0.3875111641740536,0.5040713312666008,0.5919496845716917,0.60587963973494,0.5685652800959081,0.4043188839671807,0.1731556990816291,0.2464863395979298,0.5111060815861264,0.4665283870562653,0.4079137612902378,0.407783776680893,0.4270197960271979,0.5574597707043466,0.622348139453957,0.3396532363244503,0.1419179501201727,0.2112025780096301,0.1958324415373577,0.1595308528862061,0.1605608520046423,0.5857532821359965,0.8659260841310259,0.774948565300527,0.6426627274503434,0.1753017559389717,0.4297867571113462,0.8355290388460892,0.7425742728439102,0.6701656522305734,0.6391835979091491,0.2030056262285631,0.1168462338501862,0.1330624065977371,0.1780156006244186,0.1016869575709495,0.1030608101769799,0.06744387012320079,0.06505426238200299,0.3277894366649147,0.3810837091570248,0.3476107450048317,0.2066123577490767,0.08704964058895934,0.05732542830197677,0.1214333890122583,0.2025587752986197,0.1877946830477645,0.1343125089032711,0.3340256033900214,0.2487217896057241
0.3894178059930418,0.2454363127241615,0.01393468005065226,0.2996742300119187,0.3233802373238471,0.2334526080373061,0.2472219860593561,0.2678095134220334,0.3365459362617553,0.2584790174980336,0.1612857449226615,0.2075164543977145,0.5582524564887775,0.3488995577193749,0.4581376483291664,0.5332559252500039,0.648390787729709,0.5066063440298384,0.4906605237405339,0.2220259463819375,0.1948775986261967,0.5072365377769333,0.5505231159112789,0.5381764149490984,0.485296641160385,0.4686565582266956,0.4214922210836809,0.5868252243753845,0.3319160929436937,0.1812347092897313,0.1556514584325458,0.1424805704461385,0.1105228215534717,0.1548026380291184,0.5729008464843391,0.8562259108376266,0.7596111541051149,0.8267576038337749,0.720747532707556,0.7821658084622043,0.7244483230691903,0.7264394932442743,0.7024050536737014,0.7675364492353597,0.3066474452637745,0.09362046388779352,0.1575935155590676,0.1143311847953517,0.1002207375897797,0.08993836845143112,0.04731107809569725,0.1855523447385311,0.3197513076382744,0.4333703069807845,0.3391167140885375,0.227955965428242,0.08961644163351835,0.09323750986791929,0.1677518734585881,0.2490260318086378,0.1762383513084108,0.1824206486327908,0.2856740991779581,0.2881953892121262
0.2446844921972311,0.3021124768378082,0.2651267306575332,0.1667582945177224,0.2457169999985599,0.2267694427304199,0.3074930849968737,0.3320852498118573,0.2982483364994554,0.2563884591638267,0.1273108154357366,0.2930280082656183,0.5254013120686873,0.5260368872888445,0.4911606837320705,0.5786791116337974,0.5085381680360027,0.5353142848819487,0.6175166618721417,0.4806241310370707,0.395198309844408,0.4857583642170347,0.4735329810856955,0.5100828677158299,0.4516785638726302,0.3403427523645161,0.4370816166114943,0.5767583769513369,0.4091517727791763,0.1967757112778719,0.2229290005305361,0.1491949389994013,0.1905490352677424,0.1154788876955091,0.6312007673496185,0.8920979536425301,0.7538290282078863,0.7409749762384225,0.7962650463223617,0.8094242894565198,0.7837201500795888,0.6712715804032809,0.7664072650589518,0.7120485500194523,0.3347572292702733,0.03291206942334034,0.1382812643912238,0.1398278864132755,0.1456159497559988,0.1419967240233383,0.04749490504471159,0.2048674808090516,0.3467434090637896,0.474982475228827,0.3693272633875551,0.1572652058154801,0.1078020719693026,0.1432787008374799,0.09717105976908756,0.1161429177431032,0.2575170071488931,0.1775333892961991,0.2273219522979978,0.3260432717245594
0.1737777675828347,0.2741309586664981,0.394247554186988,0.1512563924280787,0.2253494681226825,0.2939620287895688,0.2623139752869976,0.2601726836893444,0.3240294444493283,0.2948517353125965,0.1271688062802355,0.251043887753684,0.5108256436778866,0.5164676543131322,0.4445461903691006,0.5079770807146053,0.5332180815715617,0.6478637441478712,0.626070230121245,0.5853531996345052,0.382838885354425,0.3097396580359841,0.4166982846052062,0.4654035811774141,0.4611388441800452,0.3734807499329028,0.5879128025056645,0.5528531903674424,0.3869676355227804,0.1798222435713638,0.1905244271736729,0.1420784860875811,0.1672284667985831,0.1876378859130361,0.648150698148646,0.8353786289572662,0.7985749584381778,0.8127380872978254,0.7891183127254364,0.7142128540458056,0.7375297320184322,0.7438878903264413,0.6922317579934998,0.7903579238626968,0.409329647964976,0.06872508431731689,0.1524076944567633,0.1430362374298205,0.1551481205178158,0.1650092285903574,0.05461919632918516,0.1683991675747013,0.4007103001845933,0.442946138500549,0.3385113684224172,0.230769955755419,0.08648568338632195,0.1015136151183641,0.1582865603069742,0.119612486360656,0.2044404210940241,0.2440963742264361,0.1965295731005504,0.3453270825564085
0.1792621511607963,0.2301647621053045,0.2908694230078203,0.2342098522072352,0.2019827742224255,0.2902328441067404,0.2792066449240826,0.3131887828147098,0.2840720524267341,0.3542334719989103,0.1803337574318586,0.3144153166928693,0.4452219960065505,0.47217493913548,0.4516430059210774,0.4962820224953408,0.5306687953569317,0.5192893727668478,0.6072626983638189,0.5313945175095851,0.4966575593581342,0.3851132054259324,0.4317533152713298,0.5665793569336494,0.5777968625341041,0.5113775492030322,0.4876624233322292,0.5468470194013569,0.3890125277728806,0.1870670353759403,0.2276058201280581,0.1615047163745464,0.1607516041998668,0.1667651642249786,0.7307853612365058,0.801056967322974,0.7997472379119737,0.7526713248858181,0.7528860036443317,0.7475575672847607,0.7409896242775516,0.7406319322448549,0.7099992503580644,0.793578780823987,0.4366493702953141,0.1270118616837473,0.2202058525506147,0.1836160188071227,0.1912737179667733,0.183446041011879,0.06339248083624678,0.1692138770436414,0.2870915957165698,0.4690106658248772,0.4239770692165405,0.1769257754083009,0.08396493845292813,0.1415943946053189,0.1232905972345047,0.09241238734268133,0.1839107896939056,0.249220808328937,0.3129712240401855,0.2677307923185018
0.3850741092463225,0.1216550319995002,0.1832292983965903,0.2645339122509178,0.2481574015010516,0.2504202651285803,0.3179737606926417,0.3344019295843866,0.2980646835003082,0.2389933744349077,0.1557115295454037,0.251159918801615,0.5138120145623661,0.4901948930130279,0.5384879452769732,0.6125201309731468,0.5305664758054068,0.5631144074793851,0.5208240003635596,0.5689685353776347,0.5838411347737434,0.468769870851739,0.526064255704811,0.6024780184544056,0.662516566191201,0.5243326939501276,0.4707004125085081,0.5939757327750662,0.3667735080044977,0.1732339478548238,0.2202180341186293,0.1514830683409115,0.1015909835710726,0.2679747350032949,0.704202778887532,0.8847324842457035,0.772198895060763,0.7715458559572219,0.7337315551641984,0.7557776343549553,0.7100092344633543,0.7187237127237932,0.7632900118582748,0.8090905157626237,0.5450633088841543,0.1062353593853283,0.2084040221658764,0.1392094706566258,0.14288352305371,0.1970045699725924,0.08505746997183407,0.1382754619551149,0.2835252242432785,0.4221365794726367,0.3961158037576863,0.2533753028725922,0.1185913023330907,0.08524845940043189,0.1792777706614542,0.1625058253190299,0.171243637733605,0.25953358560982,0.2559513790933339,0.2411418619760339
0.348987397481804,0.09874296787583078,0.1294134140912125,0.2723124672137431,0.192956848704781,0.2253539120756767,0.3160651819132577,0.2792110706517142,0.3731323236482934,0.2797632178289012,0.0881107916344529,0.3152628256863521,0.5883150574737239,0.5281531611071117,0.4988445464922266,0.5536262506896144,0.55930663548891,0.5446911172546475,0.5347499204375927,0.5406432681439665,0.5463843698379167,0.5231478571425857,0.5566311866931577,0.6608727752507605,0.5816376882546199,0.4599464728995225,0.5119812507324722,0.5683211997169562,0.2751044127185527,0.1947018692837807,0.1269313154360134,0.2040697884584737,0.1468858064662086,0.2018328786943747,0.7342823815781967,0.8502894778134477,0.8215338622258149,0.814991117210322,0.8065658759368758,0.7689878657401905,0.777855095530207,0.8005148072208453,0.7349389377773908,0.7863387069812688,0.6355234510552831,0.1116234251718164,0.2583946854805836,0.2056363222426394,0.1890623269419976,0.242038858581795,0.0822921383980279,0.1399930840044425,0.3576778786044433,0.439879474829365,0.4128688405216631,0.2450351300915476,0.1085202583295576,0.06996462980375101,0.1429813399173064,0.2162123905174577,0.2118042272710704,0.266722336056097,0.3359370639138837,0.3586825038249012
0.3433078485180283,0.1610575898765617,0.1784364652790723,0.3422043509783913,0.3079935082317548,0.2711603593826457,0.293749553934164,0.2885170948866411,0.2866221564692025,0.2897034778959619,0.1004917050978109,0.2732544561269402,0.6238201076632611,0.4875637142802245,0.5820766381708783,0.5034195065877582,0.5367504390237656,0.6346629757639493,0.6467102273272987,0.5709811135756563,0.5111690513044719,0.6202062344749305,0.6418474995983686,0.5692059700391678,0.5550684923292484,0.5655391961263163,0.548643157298531,0.5767217769229318,0.3849137536309899,0.2126880173744301,0.165764588173031,0.1747216729908296,0.1652354744827654,0.2607773019489522,0.6388311708869563,0.8925791764442511,0.8196775331710279,0.7993204560229518,0.7741439302682613,0.775654958242553,0.7618473491659181,0.7877015076050952,0.742102769428254,0.8805268261406008,0.5578840779005538,0.1835052199798668,0.1229301515480076,0.1843665686693844,0.123841602370496,0.1718904222552112,0.06153410800872158,0.1902447836882403,0.4489426292011935,0.4877747502609135,0.3689708856029341,0.2729448413866433,0.1219586607973535,0.05873326906962096,0.09803008616516984,0.2394187651069876,0.1915706561677447,0.2391032814044849,0.3348989649753775,0.290991375825355
0.2145488709354414,0.3640036496933425,0.1863435362094965,0.173613542899947,0.2102579017375361,0.2234580608644685,0.3046236433702101,0.257665723873997,0.3554470958722106,0.3100528593275726,0.1228084816799588,0.2737665369504936,0.518837695837291,0.5514888025909965,0.489396744907579,0.5804246721370956,0.6079736011067269,0.6632896787293111,0.6743295820515031,0.501317519795783,0.5947213266886424,0.5852826989996882,0.6097274893878868,0.5128997533991523,0.5785165800911082,0.6244619687590141,0.5497847198090483,0.4519891196228464,0.3063648562711886,0.2461501466037095,0.1914376893439646,0.1431039712542522,0.1541434341222227,0.3300060370965728,0.8066881859247745,0.869930650328942,0.7957778130813281,0.7197536244143519,0.7547164405410928,0.8699695747135141,0.766258928457351,0.7852063558818538,0.7618315739706338,0.8710486910328873,0.5965508364844412,0.07995718969864818,0.1634833548302021,0.1155252357521648,0.08222841495566338,0.08655299555393697,0.1378181972055172,0.1451833097904723,0.3675172914325727,0.4228310021838037,0.3469534941615449,0.2206300644293961,0.09291913790673739,0.1320837329280824,0.1649872858199285,0.1927698790768166,0.2241396943830638,0.2384848285139523,0.3817447024755763,0.4113073079116842
0.1437853002076241,0.3933981973126978,0.2869830374250868,0.1450430795041164,0.2391366502616858,0.2898412128385059,0.2686057988140778,0.2862463482307821,0.3614488129733825,0.2365943868494576,0.1000608378240048,0.3643957654259747,0.6086965350264867,0.4935154262670337,0.4859183569112166,0.5269099980669893,0.6431887657310301,0.706751368970475,0.6285909869967842,0.407906583286679,0.5313801100931699,0.6447158044830008,0.5922396383019183,0.5797828774930119,0.538536133102383,0.6373040530789547,0.5827926069212366,0.5805557287236477,0.3662422794399105,0.2498761262325505,0.2138361908854857,0.2852341020229902,0.1373556165771544,0.3494334198462731,0.8800807759779372,0.8345664114865184,0.87161647950092,0.8065237792670101,0.8098062875347921,0.8277201602630818,0.7841352888849501,0.7864246729073764,0.7808106528084353,0.8285505373906683,0.663406802469137,0.1086361874954683,0.1002360764640563,0.1196177244926044,0.1364968817434077,0.1026230575096028,0.09498392122584705,0.1765953436871328,0.4384644522850016,0.4345172228301756,0.3777716202109906,0.2682785813195225,0.04819911718904088,0.1233968659908511,0.1903004410783183,0.08403644124865903,0.22331416307884,0.3162270042373929,0.3971794751164884,0.4774073566957919
0.2593706246620835,0.323757409921584,0.2975040149117518,0.2528672436932538,0.2825406352277569,0.3839272553425889,0.3427353856819643,0.3824559130633602,0.4342352625222466,0.4014295014617798,0.2139190136667549,0.3985248409149827,0.5721515166618699,0.5378293671035999,0.4664359121620368,0.5157061278501403,0.4254059674129106,0.48865380194439,0.49334083340738,0.4175683953182244,0.4527568634805931,0.5035099195457927,0.4468983696548248,0.4432479124357716,0.4065307024734683,0.4621149248394818,0.43563381866801,0.4419572144727802,0.2722037505721741,0.2859604616945233,0.2731601191335808,0.2212250715006971,0.1539971477718325,0.3291730368459798,0.7636442539889079,0.8728079675262113,0.8256289543516678,0.802919193154617,0.7942132556992222,0.8168050592692372,0.8107783737466767,0.8094688689989614,0.8825166227486542,0.924171748046294,0.6198718044413634,0.1706400079354974,0.1320495561029305,0.07336445967198917,0.05692306374529354,0.09806600212481996,0.1287295694500577,0.1459087362973728,0.4961433379610237,0.4926380009886953,0.4166330165866867,0.1943734054048871,0.09344241355823862,0.1948679141718387,0.1557726165772968,0.105850671883946,0.1592988494008536,0.2393857895344915,0.3788533068556269,0.3807169597881185
0.424606064266894,0.34305162982588,0.3182342182389708,0.3610898586600909,0.402006143606358,0.3758573509564568,0.3959635917897804,0.2969078971807875,0.3400677232762446,0.4170987894862595,0.3540894421835823,0.4206218950599596,0.3627372700793861,0.3470924492010247,0.4031600084190129,0.3645305331883724,0.3478383840556861,0.3729309880301677,0.3928985510966521,0.2879987730168134,0.3180446657544596,0.3006326120483714,0.3034815588693063,0.3182786430985335,0.3098327607494306,0.2629153567890773,0.3253783711439946,0.2767651238305292,0.2780698144616366,0.3220386824294053,0.3332941110067703,0.3073087040070746,0.2809787399994899,0.2793370968565685,0.7019366326617101,0.8274217477436334,0.8096425495700905,0.8789791680047705,0.8488229226705153,0.8248351398913006,0.82511023061855,0.8272975446884926,0.7700043121585889,0.8678065096867251,0.6070173695202807,0.1687888538172931,0.2092749170605567,0.1711076107234261,0.1686719095800919,0.1412022655933637,0.1451121595034946,0.219406797434211,0.4661651260842373,0.4845429624358512,0.4089175115962448,0.2986081580871467,0.1466273172745581,0.2185093547552165,0.2283703008544793,0.1888892866957389,0.1878425762309223,0.1902342307235871,0.3178389938952996,0.3435696976417086
0.3224416191317225,0.2640429666382363,0.127948621395354,0.1438191753997844,0.06965744488221179,0.07557033727311113,0.1174455420158463,0.1000178030246957,0.02478051164525659,0.0440494302785205,0.1386277506811597,0.09872435845485023,0.08293526727862627,0.2172399719090476,0.1004499038781665,0.09889098487206043,0.118439986282601,0.1732943650391762,0.1335598705403945,0.180353784138561,0.06581373465060478,0.1496064590982093,0.1309412787055836,0.1693328368298372,0.1566897888221186,0.1236340180317269,0.1312636206895444,0.1477092594750392,0.1299992648243576,0.1439149141850716,0.1334982981653254,0.1381257152839333,0.1421239545399516,0.3041771388872669,0.7505121249025816,0.8592281597443983,0.8460357277655801,0.8457870555834203,0.8779923448775959,0.8691740695110736,0.8131068665523974,0.8019195504787513,0.8464688709763603,0.9261600399251534,0.6555044688864093,0.1512443094289563,0.1775399624869672,0.2797978033959587,0.2011931724861075,0.2196286416532699,0.1799079547832945,0.2495874898552066,0.3913883500408821,0.4195302483651639,0.3820962750106928,0.316797101587495,0.08511732600390431,0.1320746339800211,0.1513849726823603,0.2905768921161787,0.197513465771471,0.2317228182293253,0.262599112068083,0.326212625559298
0.01943703770428748,0.045253531808005,0.03932437680815141,0.09354586315326169,0.09803353687125019,0.100401052662658,0.07656152842635944,0.02530588343150437,0.0859712177566046,0.1346684565912824,0.1201846003240168,0.07744987115688895,0.01732028618411939,0.1341181862810109,0.1627722272586438,0.1173743345387116,0.07520914058935475,0.1611667950506583,0.149416015426222,0.1271627597616958,0.06204684212022833,0.08155501066577445,0.1018498088961243,0.08346823245524942,0.1303906869544397,0.09497710314487467,0.1026940951386475,0.07609535983963532,0.1125809262256169,0.08149605349182461,0.09703486176637953,0.06939496646729733,0.02851382052370009,0.3383380034373388,0.862369328914526,0.8659383271901226,0.8390068591821492,0.9038840598645149,0.8223841706456735,0.8464633869455314,0.8541312625514594,0.8720500688929469,0.839587719563942,0.9726208096489035,0.6102412894628423,0.1747882773733204,0.2971428498866502,0.2447751145650669,0.2691071116283329,0.23428160491679,0.178404660168335,0.3198297195525551,0.4226323923349317,0.4302438368746003,0.395176391945687,0.2214202264101228,0.1077571441746209,0.1442747044332114,0.1568089588213103,0.2372709990614098,0.2683306365777423,0.2380190575541595,0.2618862433809072,0.3659377699250804
0.07386410685850082,0.09342712086415075,0.06413730898300596,0.06019169113056293,0.1014298737518622,0.08993525290623088,0.145193135295957,0.1285387060029592,0.2131712071853717,0.1173967176628983,0.1572451106562247,0.1554459937970556,0.1595533925143156,0.1579245092899584,0.193061126073429,0.1785122656912736,0.1571420726558768,0.1780941918547011,0.1328045697454908,0.1358166582754755,0.1896839581272683,0.1121569150694512,0.2614571050109732,0.1336316529873224,0.209092559507476,0.1515889876446998,0.213218568271637,0.1689187176666756,0.237234519994667,0.1920700383615247,0.2154546757604412,0.2177593580533695,0.06764688315183442,0.3874991130808962,0.9390835963642093,0.8188408938032672,0.8124315936441877,0.8287596216749072,0.8144832137643034,0.8315500937572371,0.8282542856926302,0.839723424744554,0.7697124078619162,0.9260658937374955,0.6854057437451087,0.1642561431354126,0.2387291564468087,0.3107907992739855,0.2587228884429686,0.2200231555314117,0.1865295904885872,0.2806703513314122,0.412001894204553,0.3923837079310999,0.3748111111172882,0.2628253357851323,0.09559757119423996,0.1329827642660043,0.1865381684131111,0.2147630382188206,0.3242455775923195,0.3003810964563967,0.308743697947735,0.3472025206926416
0.08504217906408358,0.1171921343251544,0.04234545078846131,0.1163534786742255,0.02950349316286412,0.171231916421604,0.2115135912868971,0.2426234264304218,0.2049656635889211,0.1786748852596556,0.1114893850833681,0.125064796415871,0.07852868467095814,0.07841992854366034,0.1222866441993674,0.1078142407729751,0.02375710135323834,0.09112843258780061,0.1405264468741023,0.119050249572871,0.1143539451804743,0.1039281634356905,0.07052982923924581,0.06780750334387264,0.09642689884674951,0.09663861882175509,0.08113518293228501,0.1436445362105595,0.1709790965951619,0.1489987626898086,0.1141478351827095,0.1987843378453655,0.1492866481553369,0.4344076965245652,0.9285776629145683,0.8508811541669062,0.8423334815470034,0.8606528604919981,0.836835130186354,0.8712792508796748,0.8607856937050528,0.8380139341324692,0.8891843558300185,0.9272478405184239,0.6506865017566942,0.2137252393026199,0.2339349691536435,0.2281207933325842,0.245815647881016,0.2397860529848586,0.2322231382751401,0.2908189065266035,0.5027741741294877,0.448212803770383,0.383680296022708,0.2896348838886816,0.2218886717824808,0.2750159938758079,0.3304217290554439,0.2132610574342328,0.2237716925513792,0.2355103955316498,0.2062665387385432,0.205573452082862
0.09622171681967809,0.07002638008394114,0.05031148493727153,0.05316366593936878,0.07911220707016714,0.1500629830609999,0.25435729536309,0.2889211683966038,0.2747140661593649,0.2285012014317859,0.1614625969779044,0.09855776950335145,0.1393655505393216,0.1935351540100995,0.1593295430768147,0.1968198921380719,0.1168500058902438,0.1620261399561664,0.1033592759841557,0.13973875840591,0.1802427037859803,0.2119820248523922,0.1243394721838443,0.123178841005779,0.08070273646110844,0.1374912745427215,0.198170403586358,0.08308569842108997,0.1472679585632901,0.1699373616020498,0.1536857305224247,0.2553440786762591,0.230239932726311,0.5151030635129864,0.9528064727144253,0.8708916499149032,0.8258888095224386,0.8573039793712282,0.7698291313174784,0.8918092305626334,0.8085697485104593,0.8009849513789743,0.8737824358290419,0.9312542277652545,0.616950149862855,0.2017101808275343,0.2415083119368922,0.2433547770808248,0.2494581964318774,0.24685074889433,0.2674291284251644,0.441766655179337,0.5041356880449045,0.4552368926608501,0.4360871464424909,0.3274369020460843,0.3751903022656808,0.3713658925227592,0.3144373746176265,0.1875252946742982,0.2159785442209767,0.1951775983823891,0.1762998540651507,0.1796329645182003
0.1088246868499931,0.1277404074349829,0.1167695104748337,0.156661724760721,0.1594567959568546,0.2183899455448431,0.27660368873012,0.3408226652000129,0.3068533258551248,0.2166863642332927,0.1316725175798071,0.3757821298715079,0.4891212422006162,0.2825807221778229,0.3220566363691173,0.4895450027211212,0.4029170230618955,0.3681685777058922,0.3454135410104927,0.4080933264604709,0.4440111350104018,0.3678634862631196,0.3697260751894215,0.3924956298279139,0.3005956452407162,0.3429092277472587,0.4090168199535156,0.3734758761645732,0.1786544191131037,0.2121661654217409,0.1521794857419491,0.2222562895040243,0.1502343468627851,0.5496252839762558,0.9827253274496163,0.8995493869561697,0.8252705030456892,0.8525518626739231,0.8524094103356129,0.8440191129589265,0.8360625514651602,0.8479181119340419,0.8097090715778243,0.8916162046791386,0.6124733228600218,0.2268550130210573,0.2504343308372972,0.2542392918137459,0.2504222203466235,0.2682560173164297,0.2686452772993838,0.3496727057547897,0.4343758473770554,0.4910955104918491,0.3849417904539863,0.3367673014340197,0.3717103450044228,0.4040041994224828,0.3545332050049599,0.220679363726073,0.2417425690935526,0.2500527878859048,0.1865510002642412,0.2647427492888603
0.2924826832465729,0.2500319701842151,0.2539998058061487,0.2031130105478666,0.2048385940120785,0.2366594192986108,0.3083024534781899,0.3152854878434965,0.2707622637401624,0.2145742238705575,0.222996141714585,0.3888035297889871,0.4872278935696797,0.3074300795676216,0.2907843710346072,0.4425038510177726,0.4941254417683227,0.4474205105066908,0.4289497047024604,0.3663755719906889,0.4496389233350109,0.320873349733038,0.3602000881552934,0.49195930460396,0.4870844630633499,0.2954143947302553,0.3259571393636903,0.4777082254427348,0.2219567324533616,0.2327607933138752,0.2207691644232323,0.1955073897434062,0.2116614080578575,0.690207194313752,0.9006127943769983,0.8408497874497614,0.8132489961776187,0.9102955555962428,0.8512658802970987,0.888064611508635,0.9183321586557441,0.8306024200030174,0.8512170266223796,0.9643325680626893,0.6349650240659204,0.210548389525302,0.2567371762731532,0.3193670058978075,0.2546155804091628,0.2429124762763216,0.1866008195647839,0.4112196754861078,0.4467920254607903,0.4617047283467654,0.4197534369395313,0.3234663061926642,0.3014904456991667,0.3591232497107659,0.4545744413592727,0.3260645459713183,0.245879507220398,0.2377152734631966,0.2775104438873844,0.2184494091959824
0.3289681154812089,0.3979572255506042,0.3782460929184569,0.2889250692271424,0.1912169900706566,0.2541444010725771,0.3694661770172602,0.2889856382369944,0.3051140117946982,0.1767918836730795,0.1981030843474885,0.317046215332394,0.2696320527458029,0.5482112765626829,0.4023941713611393,0.2092763344883642,0.3584235605552573,0.4170924795591621,0.4459460377981057,0.2910327392801021,0.3970634931142322,0.4619270354475138,0.4556267523333875,0.393485369932731,0.4882052594429772,0.4009121530318193,0.4227238019159881,0.4416267992253147,0.1402610717598838,0.1902961019581535,0.203228547105938,0.238294754217375,0.2794454277029509,0.7308749410743252,0.9635150306218619,0.8417209646738076,0.8427800334234314,0.8479485996634352,0.8065611949655727,0.8743923564968574,0.7886903609047677,0.8293304295563148,0.8799508092674568,0.8932518744656015,0.6536756465520515,0.2434795319023265,0.2270318997661356,0.2716485641910216,0.2714241496126157,0.2508187182397685,0.2413041582200474,0.3745207760733348,0.4463651995662736,0.4710857422608376,0.4436889078299907,0.307563842544808,0.3599658555428411,0.3093373006093035,0.3293995702353306,0.292774835514076,0.2230102642922109,0.1856616841255943,0.2131657385750691,0.2613760137179527
0.368640918084538,0.3243456178532182,0.4287809890487326,0.2184383828269638,0.2214502367375495,0.2683531851791502,0.2966095014057862,0.3102052724771457,0.3490412889002182,0.16975425814025,0.2380420328121983,0.3977319303581711,0.2503922732184829,0.5322686854700266,0.4094998105583541,0.2023810226581649,0.2038208701342535,0.5699564055434285,0.3311187808148721,0.2437005923445622,0.3374342680393234,0.459694988613552,0.4557831062890582,0.3016200681729514,0.3085404931055145,0.6053484351723297,0.4876882740201749,0.3927806699606086,0.1743185800746566,0.2458246375864244,0.223152756386014,0.2493799078441369,0.2206429988933931,0.7758801079000964,0.9947724569984814,0.8811396491935632,0.8719470468874195,0.8627380142873895,0.8541449633540582,0.8683885988985839,0.8655492759138388,0.8504082733356524,0.8311653232328348,1.009867661961742,0.6379247486797232,0.194078616754322,0.2898003101263415,0.2521118624367146,0.2979617337335191,0.275261884446465,0.299360388753599,0.4282223122460424,0.4863213834657469,0.3940147401425383,0.3555592871667663,0.3066059124967683,0.3703769852348605,0.3799843990556876,0.2719904913505653,0.1590695779266629,0.2245552624752997,0.2159312251379868,0.2452935886769875,0.2467699017439137
0.3471919162284841,0.4213942689767066,0.3150044345743148,0.2362633795212328,0.2275848794177688,0.3130916102687512,0.2700238733408253,0.330106485591425,0.2770805777641378,0.2050715279885993,0.2138467561590916,0.3884128990091447,0.4267458036779243,0.3126391706110664,0.4750995715643285,0.1593928189214655,0.2928217463649088,0.4427394608174125,0.3831726273044482,0.3162918312609234,0.375092519150618,0.450519011337887,0.4626070026501107,0.3940503293536834,0.4921438509818509,0.591024911118243,0.6122875644259037,0.4136634176757733,0.1797379061059417,0.1723869685868648,0.2735080281548168,0.1654199399087011,0.2055022792165823,0.7131828189488408,0.9576367109857415,0.8436455070371625,0.8820387757595053,0.8737760782487279,0.8624617804249727,0.8614652752538752,0.8415795982866858,0.8355930098957774,0.8409461993946507,0.992991520122781,0.5965785399603233,0.1684681077590772,0.2715018425513134,0.2569785353960831,0.3129271455441502,0.3029997900505355,0.2315735726431262,0.3602676764484783,0.4832119386665305,0.4014665675162672,0.3980912294515885,0.2514873162567974,0.449554412286801,0.3582319978533626,0.2869196412763572,0.1742978935132492,0.2563950314686793,0.2741213711525995,0.2473666812815673,0.2629615950129495
0.3208247369281845,0.3810541170976274,0.2123361782594932,0.1875187887614463,0.2257963189269747,0.2849329031589602,0.3635683597533864,0.2966341762393486,0.3107634541560408,0.1149287980157492,0.1384226239175121,0.4967620439626502,0.4261802561486867,0.13092780542087,0.3632405467037808,0.5176349269165175,0.3775664705176411,0.2970252010633456,0.4625165534755569,0.4325991767757275,0.5071760194068966,0.4209275616307574,0.3720348773911986,0.4906735451726695,0.4855585465886031,0.5001983905811592,0.5520637379011626,0.396236148883727,0.1988599605005844,0.2424856288499904,0.2391682210614963,0.2444569147312033,0.242325333766933,0.695571171972173,1.003657668808387,0.8585475097780086,0.9237728928581604,0.9103266232552727,0.8850162947139893,0.851812729446728,0.849214875931647,0.8659876605176959,0.8860841621880766,0.9588929257229566,0.6454275947265906,0.2057166591135167,0.2509820634573727,0.291301337979286,0.2748155982341401,0.2346952899906088,0.2683608840435193,0.2794983635295168,0.338410946063419,0.3430859031900407,0.3701582503486933,0.3370220646907638,0.3009559547080952,0.2165309377782196,0.2273664250117826,0.2201208402854606,0.2541060711518283,0.2649986575883411,0.2931381459196315,0.2339311815864696
0.2791036440163452,0.3441338162898673,0.1903664034015572,0.1118935968490103,0.1980789935184357,0.2960086047254816,0.2835378363793488,0.2997100965651217,0.268072628493274,0.1900130364142733,0.2397971358553666,0.590273269552708,0.4389010584416446,0.1964827815727232,0.3371894029034044,0.5719155651391298,0.3874330125759309,0.3153142987895552,0.3018338014918867,0.4995045274443641,0.5378759236746574,0.4185887631394571,0.4425028528142512,0.5016623333525413,0.5370402988379179,0.3560813269981981,0.5312072183759359,0.4599561075538219,0.1712586100843101,0.1508974405772939,0.2589598566032186,0.2201511259889145,0.2814384912587193,0.7467923919771622,0.9263054851832587,0.8915367357663873,0.8923448011146095,0.8778639936428716,0.8763060786672338,0.9093937793105753,0.9103363168020593,0.890925809402169,0.8631449183656368,0.9945379734518749,0.608738950210363,0.2690933461522174,0.2348042200939037,0.2671429332438213,0.2437540064755731,0.2526195154796482,0.1701494786109957,0.2580713355015072,0.4643165150942766,0.44903863679207,0.3883952106744805,0.2036186774431453,0.0158650434051217,0.115329936456987,0.2112971521045132,0.3270763955726482,0.2735252257013158,0.3263332887642409,0.3130329699339633,0.2423694917431146
0.2321123906318443,0.329226481104192,0.2985680037811829,0.2043939865722752,0.2249058465680771,0.2375834451858081,0.337214051861793,0.2831757189491085,0.2632543814754155,0.1362209792804089,0.2821814301654248,0.5201533563613813,0.4451492724993223,0.3438456504917742,0.4318621476261817,0.3296967392413219,0.4912573808251951,0.4071687295693901,0.460078668758347,0.6403175210401555,0.5412405365806046,0.4394966154515478,0.55016926793382,0.6658332191586256,0.5917795245657045,0.4344814930266174,0.4900600071623535,0.4238819083032924,0.1807277025063537,0.2137733624536436,0.1881685275814735,0.1962614396908016,0.3286038123060831,0.7732248729252924,0.9424815216769233,0.9413300082633914,0.8411342548290557,0.9251715862792655,0.8822199689833576,0.8597282037301289,0.8351517512956482,0.8690688662115628,0.8284586054055906,0.9626592943474902,0.6401440545567113,0.2110588981654301,0.2546789569288989,0.3037782000187704,0.3103486267421545,0.2824050129457196,0.1916195998813819,0.3861251635208313,0.4642331779110229,0.4942027586335273,0.4180060742026503,0.2989891272243265,0.1868988455586746,0.3562592661712564,0.3136555403658592,0.3106754715045872,0.3393349054166964,0.504837152225287,0.5983104621126658,0.6430985011828629
0.2583801145386448,0.2067498970941297,0.4207768897548465,0.3032613867356494,0.3064913254663704,0.3154047021288331,0.2997629024376887,0.3022530737124274,0.3362755399315049,0.1785726488033825,0.3315707391683575,0.4527567370462346,0.3899383212676762,0.499351500306258,0.2500874822001236,0.1299947979814603,0.3821912170374353,0.552139458837255,0.6258144382768938,0.5812920704435268,0.645963974964919,0.5436913122793376,0.6702686225547775,0.6270595146828416,0.7048915428282237,0.4142002529198054,0.385812164126028,0.3360616268950367,0.1812077911065537,0.2771677923941763,0.2633252743603956,0.1924650450175366,0.2250187014739082,0.8143002463970591,0.9332191754969305,0.8705556727104992,0.8530616115747867,0.9163903663142833,0.8550345803546713,0.7632525552259942,0.8177170887805613,0.8525120281543072,0.8529978773936446,0.9406672020334177,0.6552174073070705,0.1894176593172569,0.2320181419483402,0.2743736917572281,0.2092264281536662,0.2409133216414658,0.225638449985344,0.3257471274719644,0.4659729308063721,0.347166498017829,0.3714874881609704,0.3286535846234644,0.6687272878896166,0.8184558672524801,0.7944119892837359,0.7312957278468272,0.8439338163077642,0.896204847966957,0.9615472625742573,0.9774463835817583
0.3712415170100821,0.2532470907580694,0.3928520912903802,0.2854604165110812,0.2055876769474603,0.2961356299803015,0.2744698115834619,0.3116526998303729,0.250072926971813,0.15771358855446,0.3198370963872932,0.4663815552422758,0.2902159601459967,0.4510484256614891,0.2693072299091684,0.1372682031580507,0.2877741424279172,0.5474093660823101,0.5968263643638111,0.5814615642340046,0.6294115620103466,0.5817341043100536,0.5363113038105494,0.6623129465593002,0.7088035497621957,0.505717699017285,0.447148900418446,0.3858951988241834,0.147725223962452,0.2152850356645379,0.282412852329481,0.194242484229725,0.2858221127260018,0.8126071308978683,0.8850291506805902,0.8377665012354161,0.8877172540124428,0.8305363809012788,0.8967698712085646,0.8778233810464902,0.8640070266491071,0.8589037561845388,0.8432414958303983,0.9335879766584206,0.7106895200417885,0.2093626804602153,0.2345109949231188,0.2595023880981914,0.2486592531861896,0.2485799690004273,0.2342449700074772,0.4217393296002657,0.4561896444284754,0.4699775336131334,0.4224190214653373,0.3844091342016095,0.6618717773522685,0.8571803137230097,0.9068856909376177,0.8290099263045175,0.8529742945424745,0.8528991852212018,0.905302215764102,0.9431711500067831
0.2675750661433445,0.3314161893263642,0.2179648485103159,0.1824672771794311,0.244951233056385,0.2681840978417826,0.284165947380503,0.3660152646366527,0.2173461453403109,0.1716975995438876,0.2159170752809436,0.5456699186283082,0.3627730165166509,0.3408747445097581,0.3852803240693374,0.2691368886167552,0.5862157731926467,0.6700476437313601,0.6530838027887186,0.5823008757590158,0.648476464525646,0.6775154549615655,0.5264060401576158,0.6485465587348603,0.6578246386223802,0.6385739915922037,0.5496991327651576,0.337028941703462,0.2104359335905129,0.2132341846363999,0.2262831289220427,0.1857833026390803,0.27798237150342,0.7922375704149459,0.9466427240005447,0.9187390649193728,0.9045050475362822,0.8213255242108505,0.8202982057677739,0.9180778272279102,0.9358180788640714,0.8435001845775436,0.8269152274814713,0.9663641677716331,0.7035227167248966,0.268448599866845,0.2905465293706578,0.2713721610242778,0.2918041507700789,0.247376428682141,0.3102519764735179,0.3662239300977801,0.4723111967403418,0.4502263086007119,0.4000269162340043,0.3927614166275678,0.7204549111910932,0.8237422481471199,0.8757918620315063,0.8677245504997179,0.8195373694196136,0.8325699975752133,0.8762577876582291,0.8560697737774056
0.3040469701156266,0.3460243497842319,0.2163604549405772,0.2472233106907246,0.2165056253676875,0.2695863911667126,0.3031823284685799,0.3062585727467107,0.3037990441632683,0.09933055991167264,0.3609202608314077,0.5425324322973879,0.278384397149998,0.2099835924180306,0.3487307786139683,0.5135947817352352,0.6334631015912545,0.7402226008597939,0.5718893543819878,0.5350435252346463,0.6513484889006507,0.664235190415685,0.6097234886269234,0.5715879427031946,0.6285102954454073,0.4787419016890481,0.4427076482902096,0.4875025717061382,0.2130098324947521,0.1961714402766473,0.2727367698571352,0.2414216883753486,0.3472451057292552,0.7932892446140535,0.9759823481869767,0.9000218735528331,0.8803436696403085,0.9112225647485729,0.8797262905045606,0.8426746625905559,0.8179004853314337,0.8843053378310908,0.8906766522761922,1.017205676165426,0.6519634019003122,0.1866293367973914,0.2445374579846067,0.3122191245441847,0.2768340002270567,0.3158719403423306,0.1848336410563495,0.3761505640924293,0.5135108769823563,0.4668758474939183,0.3942318162066229,0.439424021027069,0.7156616674877299,0.8267895940939332,0.8012987372400249,0.7869035691438556,0.8477381471098691,0.9135116082643366,0.8454902623606896,0.8796721431075303
0.3109757652716079,0.3096334039587694,0.1882037766695636,0.217022127499623,0.248712600193369,0.2734107908488041,0.2915823677258338,0.3347416061105487,0.2792953917657519,0.1545071641931299,0.3668219269510556,0.4685107146474471,0.2288115062141381,0.22482652627505,0.3740074013160432,0.5061485154900088,0.644316900684519,0.7126719409811222,0.6344494485217839,0.5235121295589642,0.6054971519291116,0.6991322315478724,0.6145064803122748,0.5350480928920339,0.588277712811019,0.3675581883961961,0.4641558006327163,0.3489041330232391,0.1962587416141653,0.2691729707623527,0.2184517405071559,0.1485708593208137,0.2586412516726551,0.7556899079399801,0.9432281904945569,0.8275998220363073,0.9103460957201692,0.877165719542957,0.8660386692964666,0.871242948162025,0.8783867971738408,0.8764796386362916,0.8879012669823765,1.00090403253645,0.5630974627689447,0.2603412372618212,0.2744915852101996,0.19616670419118,0.2768769400700605,0.249750723246195,0.2856197356890486,0.4040000925586953,0.4765062783703794,0.4373259448228859,0.4215937473591185,0.4067427019491434,0.6988620360627831,0.837216242832036,0.8928801656739044,0.8166240532461839,0.8416444036117539,0.8884776066017103,0.8391800798636693,0.8719233466136005
0.1688720024921737,0.3033243586143373,0.3239565782307695,0.2254313750932519,0.2671825189662582,0.3252799453247496,0.2307925916282511,0.3215093396816561,0.2857264005028617,0.1679410071031965,0.4039825220277162,0.574580443902874,0.453652393571041,0.3459248015601871,0.3755619810572548,0.4649311675665201,0.5792315972824649,0.613037079198003,0.5868165047110574,0.5210664516062961,0.6590822230555387,0.6007279129510271,0.5754384678865733,0.7020902058464862,0.6503194427006477,0.4913336569509383,0.4827507930476068,0.3477700573506582,0.2672430854013656,0.2602475499821377,0.2723307304164682,0.2115884161998403,0.3091794161121962,0.8641776749126177,0.8440029751237755,0.893998347499756,0.8595476821779321,0.8711808069959898,0.8707454731979652,0.8773877825723696,0.8690823758888553,0.8251749074527548,0.9288888219333588,0.923911211835537,0.4925781396092444,0.1544958728378641,0.3068205330577599,0.2992455616779778,0.30480432172433,0.2632836971068387,0.2482359673354894,0.3764124913009621,0.4263704064139621,0.5056878338917065,0.3758108276652312,0.3786190680946401,0.7015962232740158,0.8937969102285768,0.8036954960815393,0.8600611584322539,0.7914674620678313,0.8964044330534172,0.9375803422740555,0.9349982705599844
0.2387907117185712,0.23326634256576,0.3051772318687827,0.2463361751422725,0.1885962427779098,0.2954284533631966,0.3120475435154084,0.2850945587982458,0.2756707403215519,0.1392371701933872,0.4304298615214609,0.3899041083159432,0.5213967522084025,0.4861928926767188,0.4510516385757751,0.5652706556195343,0.5991716790697535,0.5503931797221364,0.5024520555944353,0.6731908292267401,0.6587380420256828,0.5492311311188447,0.6741461658179055,0.7124625819643738,0.6895155738055876,0.4899744592765431,0.5058763371744011,0.2986845224126493,0.1925835406752519,0.2468750816641295,0.2393917164154306,0.2579012154314354,0.2999644374590711,0.8204688745119686,0.9937261107485289,0.9274356147412542,0.8454393314428615,0.8034809992419165,0.8125686582070208,0.9139522899477732,0.8761966625278897,0.8830569076757546,0.8532661676870547,0.9131872540881094,0.5055109264387303,0.1673280358202716,0.2825775227299347,0.3092197531725357,0.3089000740255747,0.2812573197876581,0.2593089065256856,0.4423326109879483,0.5537673836853494,0.471034953417839,0.4463980917774448,0.3832924678524905,0.784882613415528,0.8187624731175113,0.7933208572331607,0.8655048083128111,0.8643658671031232,0.8384414562221454,0.9585196247708199,0.9299928049973682
0.3204865352115405,0.2243638589758278,0.2460148074357057,0.2537929874503244,0.2014698173000666,0.2847548992383051,0.3099615640241238,0.3163228681583091,0.2651589530907344,0.1807691106849121,0.4337422421305792,0.4327408555297394,0.3708640470530908,0.4890560804290773,0.6053858967211977,0.6066011589787885,0.5227610383387145,0.5630764955603585,0.6319753226697564,0.6277425499209212,0.5339401880799954,0.5805370730562159,0.6582216378188329,0.688251598189204,0.6800951908124282,0.5366737617921672,0.4723189369410019,0.3264000605559285,0.2230937969080343,0.2767723758710576,0.2344333552084154,0.1800650267465328,0.3361515529899174,0.8476789684306036,0.8987592909284567,0.876487813147245,0.8490840938735777,0.8864672640231896,0.8715815658601291,0.8936399829811266,0.8248007783426882,0.8645800542820894,0.8608937923253019,0.8441690683263245,0.5340140686670254,0.2535269005708999,0.2445061960655618,0.3032719369024527,0.2514831220663304,0.2612864397953492,0.271809145130914,0.4076210204790243,0.4841763936987885,0.4765246296480532,0.4049807475424924,0.3257914784344709,0.7798693818303544,0.8181781371481422,0.8091952663294609,0.8637955858919018,0.8581788499041949,0.8574763368608379,0.8714447536613638,0.8694521893924122
0.3167153551029038,0.311280902637413,0.2516294383617357,0.3002656991069767,0.1804719292705759,0.2147462848736854,0.2718703597266372,0.2422420715368538,0.2712484074793605,0.210697111602451,0.3971963434716108,0.4270469234969513,0.3245059491978563,0.3421726498682979,0.5451370142485222,0.5044167367384104,0.352428456070459,0.5287010982680058,0.5919698730920672,0.4825998964100833,0.4934221727842863,0.5835788682567797,0.6914318792516119,0.6230168694568147,0.5570232467594862,0.6201010189236595,0.4532691792598842,0.347675804846494,0.1821698157986809,0.1830639887222696,0.1830684134915429,0.2069303448888517,0.4259459509306155,0.9155493967422781,0.9314006905336932,0.832949893316222,0.9233519897783224,0.8498342171226833,0.8573757642072536,0.8241773981318352,0.8507672269406326,0.8843919363605713,0.9238445297728535,0.9004779920857903,0.365388113624084,0.2840754977469842,0.2157783323026861,0.2866539808991731,0.2981437187017887,0.2225793543497312,0.193810480286907,0.4029081958848689,0.5173540189369552,0.5286706324254611,0.3243220363732646,0.3288159706717914,0.7684692825024007,0.9148853151887955,0.8362803214887605,0.8794668500090098,0.8182290009542228,0.8439375128536495,0.8827521842363198,0.8078286616252855
0.3226017410386435,0.3529275908799011,0.2519514136156434,0.2181325922001766,0.2483183916651706,0.2753532708651465,0.3082544683096411,0.2913835676777014,0.2570027721898819,0.2297319659613049,0.4756712571665157,0.4363840769386394,0.1805158112109876,0.2232088347051039,0.4851869485012686,0.4048790838947539,0.2611146878285612,0.5861824077315309,0.5307815738558127,0.403052343339474,0.555929456760815,0.6563396333130957,0.6996373151191112,0.5838071623323062,0.6709941232947192,0.6430139900830946,0.4711544606493283,0.2572387425516585,0.2173513410874342,0.2626286194332197,0.2601861163468849,0.1932557966991865,0.4512980183511619,0.891148786707316,0.8658352726233158,0.8482561460687158,0.9436311496824288,0.8369997525270284,0.8605695302001838,0.9173356982429945,0.8827468413061595,0.8910259561171714,0.9558310262235702,0.9058030749556313,0.367562387196378,0.2992227526543431,0.3119384767189156,0.2764431891929292,0.2862518190554621,0.2088271008754065,0.2694815686966325,0.3879476613119463,0.4372375206385063,0.4614141135544665,0.3429252300182147,0.3723835868912718,0.7742587265428059,0.9475898005153757,0.8495669856568862,0.9364676704701397,0.9642640352341156,1.003390962576086,0.9743922715310674,0.9840828381771642
0.3019225982370228,0.3378779056635562,0.2362023534097754,0.1925849654614541,0.2551532852748945,0.2573730638725689,0.3397717796067642,0.2763258984836987,0.2658001427482239,0.2455824895326246,0.4338810991170491,0.4916439106172179,0.3443451411190211,0.3087314152399738,0.6185414783111503,0.5753856723998414,0.3240296215182263,0.6265323582722984,0.5347246210225535,0.4678891280949671,0.6140826217351749,0.7482447956262794,0.5228875358055414,0.5421635559980056,0.7181524479172234,0.5852908789880299,0.4532064082198682,0.3210793710184664,0.2410686200965651,0.2403563911712348,0.3315324393755096,0.2201026163398089,0.3928528896570622,0.880225695420478,0.9189785075370106,0.8375883945867127,0.8896511806311304,0.8276040617941619,0.8861015073745939,0.9063873117383264,0.8882376622642285,0.850694328220125,0.9324593664394873,0.815817617045263,0.3213163280089506,0.2301365378736684,0.2962107891047562,0.2849692455463403,0.2804601832683076,0.2267490843489527,0.3173001527718954,0.3339369031046712,0.5233741633756211,0.4352158043227469,0.3845787462715743,0.3586619261479037,0.5885433628945703,0.7695174493353417,0.7124986250561702,0.6846977222914005,0.6184858420480808,0.5818691343065814,0.5958246319876376,0.5749971870795189
0.2268131522699196,0.3462255519118333,0.3648772436808523,0.2246330764866071,0.2913160087607931,0.3421620351724824,0.2213826640263589,0.3375517572639811,0.2620212088051833,0.1947947946825238,0.4174226705856157,0.3224411359027409,0.479873274579213,0.6496288727761222,0.629695800329551,0.6280420057794295,0.5740920791396865,0.5789100027476097,0.3217901232365936,0.4548489249948259,0.6583024292663017,0.6074771338936744,0.4904991425857524,0.6077032385693401,0.595598820421979,0.5020302479590915,0.4621374347791499,0.1864414815046063,0.2622895509826694,0.2375860619312635,0.320811622581828,0.212579787755977,0.4405386461071357,0.9033763297796862,0.886244867149709,0.8729596776632239,0.9258061853387116,0.8887069131176698,0.8827355981933325,0.9549459843567643,0.867836977257114,0.8672219100638658,0.9873570827009018,0.7365635353721541,0.2058518444782645,0.2424890664670792,0.2479185337656997,0.2419080374419981,0.2845701300004031,0.2146698760428896,0.2867066373846962,0.4289967651151231,0.504872184891752,0.488910180922669,0.4006003638746207,0.2324294624518385,0.1688218635736209,0.2154283902453116,0.2112218375790439,0.2187614496040246,0.1432018897035738,0.2355427060598184,0.1781023851070624,0.1017755029350503
0.1448601671656676,0.2639434266721404,0.3197706922718905,0.2186857704892281,0.2649450747209224,0.2627652342752971,0.3399236835677789,0.2598314495459169,0.1823164005038954,0.2365747401481207,0.3454817878302933,0.156520467996906,0.4801809558366405,0.6573611204848645,0.6040914043491017,0.6511038526682013,0.5946924452539022,0.5114908067273731,0.2703881045194696,0.5246797981922199,0.6024764734775668,0.5337788507485928,0.5337592742661392,0.5047917261568842,0.5359084680380859,0.5144255257881238,0.5009072157599963,0.2388228473252302,0.2305876822820508,0.2875797887322197,0.2278798929565478,0.1310243906194215,0.4208316526172721,0.9729755656054709,0.9901296174225935,0.9467802236186372,0.9424710708945829,0.9150445601117866,0.8995045337228981,0.9387841517643467,0.969961062485158,0.9476797994585746,0.9833923441858107,0.5757010242447852,0.235629152043112,0.2929586896706072,0.2219949102129653,0.2564005413231485,0.3036624362136755,0.251600255470628,0.3184459754505499,0.3570910790311081,0.5340845768351709,0.4714434502588652,0.3790894981586326,0.1794922482909151,0.1567977205366068,0.1516901003096974,0.2060792794437678,0.2502767648061249,0.2380848802017817,0.2950684637526023,0.2799490834900513,0.2373204587293396
0.249858074235887,0.2408322418054316,0.318726877392803,0.2614898821528465,0.2277898931692454,0.2420568191146604,0.3193876965635928,0.2586227168040476,0.2179975009350903,0.287752319623136,0.4714597513181135,0.3882824328531144,0.33899782223118,0.5341463887706851,0.6883464034243358,0.5532292323629596,0.4602681312239705,0.5288216941863759,0.3392556421357912,0.5043103009195204,0.5176901439565836,0.5670942469305572,0.5068462524745487,0.5210158206439579,0.5314527437614666,0.546404863050136,0.4735174461842019,0.2144955837930757,0.2368566899685171,0.229072309771798,0.2819133185150136,0.2484903828093463,0.3216236123020022,0.5245398417653881,0.5269893791676687,0.5364010647132479,0.4751804769708185,0.4621171169511058,0.5375039725684476,0.4395875505886067,0.4640142830978596,0.3602733325593688,0.3359609586785374,0.2905431934370385,0.2848237476586398,0.2793399804644705,0.2949037262817909,0.2749691058957744,0.2480656794957515,0.2981852579759621,0.2723968517346864,0.4623164801116394,0.5321888880448251,0.4639484521165426,0.3825468122132011,0.2527543112028793,0.1129600315899786,0.113111389120003,0.1439369133181871,0.2672380093870227,0.2587530039703174,0.269992675656544,0.2956990553862403,0.3177461289019018
0.3149888902053681,0.2393268670387015,0.205518040797728,0.222769503118957,0.2357218924808953,0.3222402219892198,0.2735990125363259,0.3035639717154253,0.2879578977299369,0.1769783003945426,0.5703639122363883,0.4239448751847861,0.1373542049948177,0.160091816125546,0.5247560590755376,0.4509945762904188,0.2897808935856407,0.5188953782688316,0.4976056216252431,0.5409748423867193,0.4178082213636447,0.552840231522579,0.5703166034640953,0.5593514111058895,0.534226215582118,0.5141715811255196,0.5080628181880473,0.2723144474093147,0.282670227566683,0.276455430819806,0.2352899709080662,0.2667111152350814,0.1813694463472987,0.1935675622920749,0.2195950132079751,0.1590392326330312,0.1938062922178691,0.2541680678373467,0.2407392039870163,0.212951679484268,0.2515239272726701,0.2636259038498763,0.2490404680589528,0.2301993701532297,0.2332189541877802,0.3363163263935283,0.2513494743510903,0.2982099271647628,0.2254680567735288,0.2237426116134812,0.2882077877208084,0.4250252968670564,0.5476725580595575,0.4876109086903405,0.3284709212033246,0.2053165771632261,0.1300555294879489,0.1723415281051455,0.1888545435902099,0.2950278960038688,0.2645821315389677,0.2295180119559423,0.2606071030993896,0.3352645404609045
0.4283596077535573,0.5001696783406703,0.3826750654562265,0.241868497577254,0.2631087151224188,0.2923774793828461,0.2932580538975574,0.2505999367730177,0.2010404800875091,0.2357915927590818,0.5607102460514196,0.3673888706509324,0.1481844071935888,0.1551252163735862,0.4808969934913371,0.3893403017011951,0.2311739403274348,0.4716105172083991,0.5423788214887473,0.4587816729908333,0.4308458373154959,0.5219409080678401,0.5676505705422616,0.533035275605364,0.5354192570835109,0.5337749999969803,0.4763787667437018,0.2256921882220993,0.17733212855954,0.2688875118897616,0.2651351537682316,0.305118422729875,0.2697719693073571,0.2324671370279483,0.3188237704102747,0.2596580880334817,0.2951724006696811,0.292677014900768,0.2101589787375351,0.2733901791042275,0.2635557142039465,0.3200710556325008,0.2531754465395311,0.247670994570605,0.2774088699443598,0.3692194672940197,0.2467722507099271,0.3240801173542506,0.2431651685370666,0.257051560026454,0.2584274197221294,0.4847322838685002,0.451079571427017,0.4437210292958905,0.4003349565752117,0.1907829642497119,0.1787739820297301,0.2922765767582721,0.2059652952111676,0.2419561860783918,0.2623482481033166,0.2374144290796223,0.319186074325022,0.326796892514024
0.3607141436386587,0.536288577189491,0.3827191697221257,0.1625584828097442,0.2141706430537438,0.1920793933117081,0.2752718612117837,0.3223649237915012,0.1574595688399734,0.2241901395907248,0.4741744889582124,0.4758652762486304,0.3489508194036358,0.3813476946852522,0.4304642142023479,0.4883191362045611,0.470915355469933,0.4688028197744072,0.4244095649553995,0.5276610014719585,0.5113715931927295,0.540176233685514,0.5580144466666263,0.6019670398112461,0.5661707228256916,0.4848328917330558,0.5065000666802582,0.2691404782481311,0.2495981119886998,0.2452838334697516,0.2499021901906314,0.1919208658798331,0.2112406526025908,0.1829642256663437,0.2943765870265103,0.2607968347214271,0.2234525835154055,0.2677111760196397,0.26429128845418,0.2244052488382813,0.3302952354161229,0.3499228997752018,0.230659008755232,0.2565402057727898,0.2930862958792335,0.2629170396547492,0.3451087348930017,0.3752623378061218,0.2581236232062887,0.2569175691369001,0.2793776648134629,0.4110674701570021,0.4417763531433547,0.4393250038269811,0.3322181094971722,0.2085662134150761,0.1632690602983329,0.190285043392509,0.2495914284161688,0.3073968616383663,0.2745158111445164,0.3017420128045237,0.2501430196509571,0.2611766431602539
0.2573557995092331,0.3615816017515662,0.356507235322261,0.2570155195588159,0.2391138980885222,0.3169063813009017,0.2843570131526499,0.2765668504906164,0.1526448598625272,0.2894359222842624,0.4591999679815688,0.4781525350247025,0.5323905837912579,0.3311074965001604,0.2015310285140411,0.4269624710293395,0.6297107576313412,0.3470745821301673,0.3209474131147992,0.5289810923683227,0.5233478464491568,0.5659305281953804,0.5544320601778483,0.5648916610985983,0.5471037890079778,0.5121985843690279,0.3740103947555555,0.2031229862565878,0.2492805581526175,0.2322512938510238,0.1775480829505034,0.3024568901409203,0.2347554018922769,0.2838534875891899,0.2723295711551779,0.2542260815611366,0.3325695756157643,0.2695426952055434,0.2806074057593023,0.2070539632030018,0.2519514206290702,0.2552163296370474,0.308279492464086,0.2183246544301191,0.2710630449431247,0.2737539618916334,0.2740582087414067,0.2734089563387427,0.2598731882945318,0.2477067601037006,0.3330489312836963,0.4515702085549553,0.4995625117169702,0.4953704875489313,0.3975959681144602,0.1701990000013647,0.1844286282997802,0.268493413832578,0.2664336060553877,0.2588045836045635,0.3132699372301384,0.2626445146073504,0.2686924265571257,0.2095856573780558
0.3228447684482486,0.2923386745634018,0.3076940840351794,0.2106738178140017,0.2161047101246733,0.2623932934848126,0.3724098659186431,0.3313994951111853,0.149852923554265,0.3142575396871987,0.4232127482684926,0.4502953305375211,0.5109334642100958,0.3365037516049364,0.1907452941026189,0.3823862413851556,0.4965760034614276,0.4222231380533811,0.2760139846857599,0.5917382158072449,0.5600896887761339,0.5871521781155492,0.542880916888045,0.5633101600327803,0.5808219864511235,0.5764892832149516,0.4251196471195067,0.1879119483983704,0.178784494773685,0.2175718393054068,0.2143276465173276,0.2350038107349581,0.1798402597316103,0.229066778302594,0.2287747006874746,0.2685089687701313,0.269546409502466,0.2663544105628308,0.2460310746880709,0.2534494001501673,0.2497424470114684,0.3069331580167727,0.3310391564227964,0.2470526528439111,0.3144696157237489,0.3274958785203761,0.2891468072794784,0.3315741395643143,0.3091299584506048,0.2322474923042844,0.3713625605313794,0.4262169886884274,0.5108773359494903,0.4334255854890415,0.3499798694263432,0.1834075858922184,0.1679762274793457,0.3032679163794211,0.2698129229205725,0.2509131826623605,0.3194580985639576,0.3240497598583655,0.2415134385846437,0.2814130717674104
0.3607432645293744,0.2421053316038788,0.305953669168713,0.2540605186783836,0.3013819100259917,0.3103964622987392,0.2976836096749044,0.278126774256815,0.2099101004129617,0.2531952510887773,0.4636605136678627,0.443350475759054,0.2957804899240821,0.4262340467845377,0.4031517745882502,0.4362399068256876,0.3826116918493676,0.4792222459860562,0.3429392059139472,0.5862633584874167,0.6863585647564669,0.5252131941536479,0.5280876660872036,0.5587447427853265,0.5776155537917351,0.5940735586857191,0.3914670014662777,0.2395628775342445,0.2256036265866702,0.2374388427891521,0.2609442485722241,0.2596564881348299,0.1952457291856596,0.2115139950798496,0.2172542912507413,0.2673065367334673,0.2479144915623817,0.2969114827967268,0.2487797367943039,0.2785957275343955,0.2716063035560203,0.2494162600148408,0.1880617594983721,0.2952327089654921,0.2808269011109053,0.2874200664577917,0.2801495548195315,0.2885691159787431,0.2007259041580794,0.2524014393892412,0.2761955156783599,0.481636491478209,0.4630189588949006,0.4758060279797345,0.3802966714726726,0.1650871365975296,0.2102631762671044,0.2434943287145839,0.243165510243299,0.2264058975779589,0.2447925689734715,0.2387314227132317,0.2720743708704521,0.246590472588383
0.265755442870425,0.1956560218750967,0.2195986444729887,0.2577910559649392,0.2545074299723506,0.3225472269959442,0.3151001797891226,0.3236549354443562,0.1247326566090974,0.2292923808379281,0.5584359070657675,0.3222294123292609,0.1658994887040983,0.3406141470174304,0.5619995192206425,0.5044429126488182,0.386866810685047,0.4827645042094014,0.5773696720923759,0.6282532244637535,0.7316439108573628,0.6514072243938185,0.5721444143464131,0.5466507722003686,0.5643531763853635,0.4767869642525265,0.4497475904438842,0.2259004282252458,0.2684019616021605,0.2758182898874768,0.272739774162814,0.3096063503856982,0.2464376305621555,0.2117217306239552,0.2931864395817688,0.2320086064924248,0.2876214678809854,0.2883241367176422,0.2973537725008276,0.2382225029830899,0.2756156375295483,0.2613292970572361,0.2160197184645112,0.2337244368620227,0.2843381629053706,0.2290682193020354,0.2575335127374083,0.3101116848864966,0.283545509382055,0.2761683036285928,0.2828554003933129,0.4757471801234077,0.4736780841934667,0.4833165631132894,0.3212903515504871,0.2356901633945998,0.3566335620059297,0.4083908146428363,0.4104885852645912,0.5404178577288726,0.6125480236170756,0.604122409446903,0.6510186492399,0.7083458535044581
0.3441191084145643,0.3599272818066833,0.1665903052006256,0.1756267570775767,0.2909342230373648,0.2604261537474425,0.2987452200091164,0.2415530348844681,0.1334689662491285,0.3652084476719907,0.5175018311484141,0.3322762587636073,0.2271462518623865,0.4690755529120577,0.5661194929844902,0.5494389659048082,0.5392595160908201,0.55341948867959,0.4593233321439978,0.6351560277613011,0.7073297767010237,0.6839202014290792,0.5906209451180401,0.5639354706495822,0.5182553523064556,0.6229037271397022,0.3699154595157013,0.2846924867889599,0.2292262300234422,0.2723541293010098,0.221582563607467,0.2383516691004812,0.20410092615647,0.2247473624256693,0.2715604791288487,0.1775219176509675,0.298017306976366,0.2720373160773924,0.2913361923172289,0.1888953043391437,0.2012359967320203,0.2730752309887022,0.229897997479476,0.229098899940108,0.2767855520412596,0.2805776561326528,0.3267465226775316,0.3098000370238968,0.3310311078393481,0.2688060820409336,0.2910117754614425,0.4426200149372986,0.5030163337185067,0.3936220616201845,0.3101521492529767,0.4953935450291327,0.8246388131579868,0.8769076046469422,0.8587907456713894,0.8713971234330391,0.9834848557997854,0.9541534717975709,0.9278846196259085,0.9837675615807721
0.2555431163763519,0.3350965815581892,0.2522485177193209,0.1702622128808552,0.2180368514207313,0.2752804317203061,0.3190213569890955,0.2700498557860462,0.1588238515870725,0.3530549522139967,0.5537600996954412,0.4191846949981208,0.4043070804912875,0.5212712865885745,0.5726224191379926,0.5119117906411,0.5775383313509191,0.4598648717662535,0.4532628900882829,0.7007578036191815,0.6816871477552446,0.6112622301037882,0.7277187969419491,0.6274266368618268,0.5282386793796296,0.5983105358883024,0.4513744160374357,0.2044429498510669,0.2687789523840228,0.2946844474923519,0.2500769917141732,0.2275225237707388,0.3345475055131849,0.437606630814309,0.3404401277888684,0.3028347600312703,0.3320842961092045,0.3479670406857343,0.2777946202311166,0.2685382146704748,0.2906852578759776,0.2297006516972877,0.2563505251191779,0.2701935201320749,0.2927230896592079,0.3001827174535535,0.3138370421758856,0.2587215655733468,0.2791292118327537,0.2973073277941899,0.3775106047788343,0.4826972973597324,0.4561916905264317,0.3884331801853653,0.3486872442221769,0.5843217330059055,0.9306103085045829,0.8689114924725931,0.9399791592759497,0.8490642664483457,0.9448024705431386,0.8949110026070304,0.8999269358013311,0.9767671709744145
0.3076348384662012,0.3358903919692112,0.3033061122680655,0.2119972072587748,0.2662933721749107,0.2942627747931222,0.2472217033979936,0.2103998689598067,0.1595730599405218,0.3808585924973482,0.437668327831004,0.4451771417395577,0.486721300999109,0.3510723033832112,0.5698869879140596,0.5716920321824173,0.4843279351830556,0.2640873343005512,0.3550764022264632,0.5787564995620668,0.5577914467763331,0.6752906028275301,0.7243320035836741,0.6723866658895806,0.4859032163766461,0.5380902098100642,0.4555467789843072,0.1931257295963466,0.2144319888322673,0.2082670686254555,0.2628240715467526,0.1785016210063795,0.6406395489022302,0.9754513110652976,0.8208604783766871,0.7072919337778376,0.7229572368603506,0.7737475045292956,0.7084879051225779,0.738549274441254,0.7741813913534078,0.7213409836837007,0.582325372762919,0.2018932508155248,0.2638777591236553,0.2859989368878784,0.3059815185103077,0.2885691519444805,0.2139388727201678,0.2905322100073334,0.3082555596166815,0.4187729001931316,0.478653848030633,0.4982186995027698,0.3536256380858464,0.6149527459564409,0.9029481113521208,0.8234091574517717,0.8934944965720694,0.8853639219226512,0.9012793973033243,0.8781904505730057,0.8705846361960692,0.9350397043925329
0.2372144576091203,0.2729542267708626,0.2886125529146987,0.1959099303389009,0.2801526786589802,0.2792306458352006,0.2504675667058927,0.2301685114613517,0.1423082814239435,0.3788517115556357,0.5429483823260463,0.5276458229764317,0.5602554067880754,0.2561912503804398,0.3730713183694483,0.473178816849453,0.4488294460872783,0.4021552499021849,0.3436581813956663,0.4872120634141152,0.5240500857072952,0.696659854777395,0.6488690125171991,0.6899912912741598,0.553566088717356,0.575299907676139,0.3568927148328646,0.2286330125731182,0.2497557213911429,0.3072226644213357,0.2258157196815142,0.1905399191358903,0.6094798687913021,0.9527546681994705,0.8800675052755215,0.9125925753662475,0.9724074951028582,0.9739162355076492,0.9342718423083319,0.9089322555917549,1.017901547883144,0.9866276969702198,0.8637982155824648,0.3392002965135448,0.25499892240673,0.2738137611549362,0.3084004052275534,0.3359708799728675,0.275468621936675,0.1797247427027221,0.3339702453863915,0.4513534429073414,0.4986494080990429,0.4901852261464909,0.3362090014050337,0.5722375352452057,0.9131162350841594,0.8911512126361555,0.7956746950061592,0.9046965432069892,0.8833643372755801,0.9325071610724575,0.8605493476524674,0.9731380507311251
0.2999218472529409,0.2549101650590471,0.2273503763069046,0.2572072495689243,0.2396333751526185,0.2846587316367045,0.2824582773725433,0.2836596480659332,0.1611391292492834,0.3986059209409722,0.6202199512750017,0.416612818652851,0.4347237905334999,0.53242916961229,0.4671927236591111,0.3333581072031095,0.3296706649870621,0.4309055698789842,0.4906106489605432,0.4268134314249421,0.5575113073408301,0.6167233653452351,0.6965080337638646,0.656102648158329,0.638737040587517,0.639280779153364,0.3876735797720148,0.2284759487963989,0.1659346598276786,0.260842364463703,0.271336819819394,0.1851336733471146,0.6851347529672733,0.9797075383049145,0.8394915077308903,0.8346983773887142,0.9185079213254166,0.843353809793249,0.9324975230987684,0.9488244200079303,0.8040050255806891,0.9403779377766083,0.778750121150522,0.2476649945822823,0.2400543370469482,0.3255648232159959,0.2177059610613238,0.2514015247103157,0.2968781011553178,0.1996272956254969,0.3214368082184852,0.4793433243833339,0.4654853521295748,0.4728287272530519,0.3892573473965278,0.5525052723800725,0.8606012221785567,0.8524258199720337,0.8401734257459524,0.8322156629584397,0.8831517643378631,0.8693085810882345,0.9154867330913727,0.8975342542020199
0.2354290268509559,0.151958517426645,0.198062163354044,0.2311767249987138,0.3190753926263464,0.3051564871198189,0.3465763027963265,0.2236660188818984,0.1782037841259515,0.369029133200576,0.5230530790379169,0.3888677340426016,0.3842399223460661,0.5025532268316447,0.5538214371738919,0.4243475880406718,0.4499673713884008,0.5365843580765125,0.5145454539622757,0.5259435354065926,0.4737057959312337,0.5186060609365049,0.510636244828948,0.5157646438741513,0.498919787165817,0.5662166741693873,0.3893939043393975,0.3726591693304488,0.3395826624072333,0.229151130878212,0.2897046325123588,0.250073522673953,0.6012834319564874,0.9955370124964162,0.9221774574346354,0.8561812145213584,0.9137117939019256,0.9310755530296461,0.8305110865070303,0.8983292017876324,0.8755531085832897,0.9514730894339845,0.744092609847567,0.3320854272966967,0.2543286324013537,0.3150769014147351,0.3324227468407481,0.2473127531971509,0.3036456289515413,0.2312640762164523,0.3386503058235585,0.4470612732588859,0.5199435999192124,0.4336876861303197,0.3154619533450231,0.5583577900187662,0.8763402446465133,0.8396896067219287,0.8339396306142326,0.8855918075201284,0.8651722059923667,0.8832775982071626,0.8607376461588782,0.9426392573074642
0.1210449947195113,0.09802386607157207,0.1853763380939014,0.1929227791281774,0.2421802305178894,0.2951757643617864,0.2380941762393382,0.2747379244444746,0.2773672310462907,0.3420388928671052,0.4011702761083922,0.3830714083732624,0.4235682870629831,0.3968427954643344,0.4091101391322718,0.4571602822885599,0.4357719373282481,0.4210414127762904,0.3987516030894598,0.4131032784161285,0.3894109011543516,0.3609440738995033,0.3771385255665182,0.3166112243458224,0.2985325021410845,0.3374575965194065,0.3207890776994381,0.3353401166778169,0.2524996934372363,0.2382367911544717,0.2305517970058481,0.2133789323112945,0.6446058495091535,1.019673936371122,0.9404587150291082,0.8904647910447703,0.880323099253107,0.9272455746085503,0.8838874031363558,0.9348281382368068,0.8609631712136279,1.003906508451468,0.744948609766894,0.3090656790951665,0.2288864594656903,0.2706685103494942,0.2285790466947081,0.2820120691710553,0.2126071676798308,0.2680177839649441,0.2969669452242688,0.4451475216161315,0.5006736261637065,0.4589295159728414,0.3057682561820078,0.5718574255483595,0.9074573305580316,0.8432959087904295,0.8766928775634361,0.8633873388748196,0.8756674352151304,0.8425373912992175,0.8723774043816916,0.9247161042409067
0.3754951006189847,0.3484819882317983,0.3442028843540574,0.2293678210262899,0.1955021139606621,0.2544095934192718,0.2277032507261422,0.1994514187895833,0.3474861039341523,0.3357945904404783,0.2834901102955003,0.3282125710198605,0.3081729621762208,0.3249884721393724,0.2925032673384359,0.3262515592143197,0.2736202093134353,0.3114148599762753,0.2722417622204426,0.3232411521890919,0.218015567042927,0.2064909331201669,0.2876636740758757,0.3093395034609897,0.2456410829138496,0.1634280407867261,0.229601198829974,0.2558930309842437,0.2271907263189883,0.2661189524132859,0.1861188548068756,0.1764635007159643,0.6615402502756195,0.9320726885575331,0.8571887574390031,0.8326650321364282,0.8763591119856152,0.8765471170690043,0.8848385933628856,0.8592614022710627,0.9168139986252228,0.9193320551280429,0.7591433920051526,0.2745539392684533,0.2464976389902042,0.3547417661676232,0.2662975935127206,0.2337364892995009,0.1888892867872802,0.2404032493904889,0.2882487300937077,0.4887689472234155,0.4367514499896979,0.4544878902411865,0.3394139948775916,0.6000014254500077,0.8425286613261245,0.8145717087732524,0.8808488400737,0.8659237962433063,0.910703186722447,0.9104166388131888,0.8546158845570399,0.9402170306412031
